{
  "active_tickets": {
    "2": {
      "user_id": 7267206207,
      "status": "pending",
      "created_at": "2025-06-18 13:01:45.169393",
      "message": "\u043f\u0438\u0434\u043e\u0440\u0430\u0441",
      "content_type": "text"
    },
    "3": {
      "user_id": 7267206207,
      "status": "pending",
      "created_at": "2025-06-18 13:01:56.947277",
      "message": "\u0425\u0443\u0435\u0441\u043e\u0441",
      "content_type": "text"
    },
    "4": {
      "user_id": 7267206207,
      "status": "pending",
      "created_at": "2025-06-18 13:02:02.156472",
      "message": "\u043c\u043d\u0435 \u043f\u043e\u0445\u0443\u0439",
      "content_type": "text"
    },
    "5": {
      "user_id": 7267206207,
      "status": "pending",
      "created_at": "2025-06-18 13:02:23.264470",
      "message": "\u0430\u043e\u0443\u043e\u0430\u043e\u043e\u0430",
      "content_type": "text"
    },
    "6": {
      "user_id": 7267206207,
      "status": "pending",
      "created_at": "2025-06-18 13:03:33.623202",
      "message": "\u0440\u0430\u0437\u0431\u0430\u043d\u0438\u043b\u0438))",
      "content_type": "text"
    },
    "7": {
      "user_id": 7267206207,
      "status": "pending",
      "created_at": "2025-06-18 13:03:49.665499",
      "message": "\u0410\u0410\u0410\u0410\u0410",
      "content_type": "text"
    },
    "8": {
      "user_id": 7267206207,
      "status": "pending",
      "created_at": "2025-06-18 13:04:49.606786",
      "message": "\u041a\u0423\u0414\u0410\u0410\u0410",
      "content_type": "text"
    },
    "9": {
      "user_id": 7267206207,
      "status": "pending",
      "created_at": "2025-06-18 13:04:53.166139",
      "message": "\u0413\u0415\u0419",
      "content_type": "text"
    }
  },
  "archive": {
    "1": {
      "user_id": 7267206207,
      "status": "completed",
      "created_at": "2025-06-18 13:01:36.870444",
      "message": "\u0433\u0430\u043d\u0434\u043e\u043d",
      "content_type": "text",
      "closed_at": "2025-06-18 13:01:54.980067",
      "moderator_response": "\u043c\u0430\u043c\u0443 \u0442\u0432\u043e\u044e \u0435\u0431\u0430\u043b, \u0449\u0430\u0441 \u0437\u0430\u0431\u0430\u043d\u044e \u043f\u0438\u0434\u043e\u0440"
    }
  },
  "stats": {
    "total_created": 9,
    "total_closed": 1
  }
}